{
    "cv1": {
        "f1": 0.6249582767486572,
        "precision": 0.6429795622825623,
        "recall": 0.6198542714118958
    },
    "summary": {
        "f1_mean": 0.6249582767486572,
        "f1_max": 0.6249582767486572,
        "f1_min": 0.6249582767486572,
        "precision_mean": 0.6429795622825623,
        "precision_max": 0.6429795622825623,
        "precision_min": 0.6429795622825623,
        "recall_mean": 0.6198542714118958,
        "recall_max": 0.6198542714118958,
        "recall_min": 0.6198542714118958
    }
}