{
    "cv1": {
        "f1": 0.6249582767486572,
        "precision": 0.6429795622825623,
        "recall": 0.6198542714118958
    },
    "cv2": {
        "f1": 0.6229547262191772,
        "precision": 0.6449673771858215,
        "recall": 0.6163339018821716
    },
    "summary": {
        "f1_mean": 0.6239565014839172,
        "f1_max": 0.6249582767486572,
        "f1_min": 0.6229547262191772,
        "precision_mean": 0.6439734697341919,
        "precision_max": 0.6449673771858215,
        "precision_min": 0.6429795622825623,
        "recall_mean": 0.6180940866470337,
        "recall_max": 0.6198542714118958,
        "recall_min": 0.6163339018821716
    }
}