{
    "cv1": {
        "f1": 0.6249582767486572,
        "precision": 0.6429795622825623,
        "recall": 0.6198542714118958
    },
    "cv2": {
        "f1": 0.6229547262191772,
        "precision": 0.6449673771858215,
        "recall": 0.6163339018821716
    },
    "cv3": {
        "f1": 0.6587362289428711,
        "precision": 0.6787866353988647,
        "recall": 0.6509163975715637
    },
    "cv4": {
        "f1": 0.629787802696228,
        "precision": 0.6512137055397034,
        "recall": 0.6187617778778076
    },
    "cv5": {
        "f1": 0.6661462187767029,
        "precision": 0.6846731901168823,
        "recall": 0.6579102277755737
    },
    "summary": {
        "f1_mean": 0.6405166506767273,
        "f1_max": 0.6661462187767029,
        "f1_min": 0.6229547262191772,
        "precision_mean": 0.6605240941047669,
        "precision_max": 0.6846731901168823,
        "precision_min": 0.6429795622825623,
        "recall_mean": 0.6327553153038025,
        "recall_max": 0.6579102277755737,
        "recall_min": 0.6163339018821716
    }
}