{
    "cv1": {
        "f1": 0.6249582767486572,
        "precision": 0.6429795622825623,
        "recall": 0.6198542714118958
    },
    "cv2": {
        "f1": 0.6229547262191772,
        "precision": 0.6449673771858215,
        "recall": 0.6163339018821716
    },
    "cv3": {
        "f1": 0.6587362289428711,
        "precision": 0.6787866353988647,
        "recall": 0.6509163975715637
    },
    "summary": {
        "f1_mean": 0.6355497439702352,
        "f1_max": 0.6587362289428711,
        "f1_min": 0.6229547262191772,
        "precision_mean": 0.6555778582890829,
        "precision_max": 0.6787866353988647,
        "precision_min": 0.6429795622825623,
        "recall_mean": 0.6290348569552103,
        "recall_max": 0.6509163975715637,
        "recall_min": 0.6163339018821716
    }
}