{
    "cv1": {
        "f1": 0.7523449063301086,
        "precision": 0.7891084551811218,
        "recall": 0.7348684072494507
    },
    "summary": {
        "f1_mean": 0.7523449063301086,
        "f1_max": 0.7523449063301086,
        "f1_min": 0.7523449063301086,
        "precision_mean": 0.7891084551811218,
        "precision_max": 0.7891084551811218,
        "precision_min": 0.7891084551811218,
        "recall_mean": 0.7348684072494507,
        "recall_max": 0.7348684072494507,
        "recall_min": 0.7348684072494507
    }
}