{
    "cv1": {
        "f1": 0.4489193558692932,
        "precision": 0.5039270520210266,
        "recall": 0.43262770771980286
    },
    "summary": {
        "f1_mean": 0.4489193558692932,
        "f1_max": 0.4489193558692932,
        "f1_min": 0.4489193558692932,
        "precision_mean": 0.5039270520210266,
        "precision_max": 0.5039270520210266,
        "precision_min": 0.5039270520210266,
        "recall_mean": 0.43262770771980286,
        "recall_max": 0.43262770771980286,
        "recall_min": 0.43262770771980286
    }
}